,image_id,category_id,width,height,file_name,index,name,common_name,supercategory,kingdom,phylum,class,order,family,genus,specific_epithet,image_dir_name
0,150,4597,500,375,train/04597_Animalia_Chordata_Elasmobranchii_Carcharhiniformes_Carcharhinidae_Triaenodon_obesus/f56a2421-0746-4a07-96a6-233daba33051.jpg,4597,Triaenodon obesus,Whitetip Reef Shark,Animalia,Animalia,Chordata,Elasmobranchii,0,Carcharhinidae,Triaenodon,obesus,04597_Animalia_Chordata_Elasmobranchii_Carcharhiniformes_Carcharhinidae_Triaenodon_obesus
1,376,4597,500,229,train/04597_Animalia_Chordata_Elasmobranchii_Carcharhiniformes_Carcharhinidae_Triaenodon_obesus/6b1c62e3-31c6-4959-8933-d31f1aa4723d.jpg,4597,Triaenodon obesus,Whitetip Reef Shark,Animalia,Animalia,Chordata,Elasmobranchii,0,Carcharhinidae,Triaenodon,obesus,04597_Animalia_Chordata_Elasmobranchii_Carcharhiniformes_Carcharhinidae_Triaenodon_obesus
2,2524,4597,500,375,train/04597_Animalia_Chordata_Elasmobranchii_Carcharhiniformes_Carcharhinidae_Triaenodon_obesus/0e1144ca-f428-424f-8cb1-5852e42ceb82.jpg,4597,Triaenodon obesus,Whitetip Reef Shark,Animalia,Animalia,Chordata,Elasmobranchii,0,Carcharhinidae,Triaenodon,obesus,04597_Animalia_Chordata_Elasmobranchii_Carcharhiniformes_Carcharhinidae_Triaenodon_obesus
3,2753,4601,500,292,train/04601_Animalia_Chordata_Elasmobranchii_Myliobatiformes_Aetobatidae_Aetobatus_narinari/ea8620ce-bb12-4b76-ac77-30e15208b180.jpg,4601,Aetobatus narinari,Spotted Eagle Ray,Animalia,Animalia,Chordata,Elasmobranchii,4,Aetobatidae,Aetobatus,narinari,04601_Animalia_Chordata_Elasmobranchii_Myliobatiformes_Aetobatidae_Aetobatus_narinari
9,3082,4601,500,375,train/04601_Animalia_Chordata_Elasmobranchii_Myliobatiformes_Aetobatidae_Aetobatus_narinari/4e8188e3-0672-48ed-a7e3-a1506ff615a5.jpg,4601,Aetobatus narinari,Spotted Eagle Ray,Animalia,Animalia,Chordata,Elasmobranchii,4,Aetobatidae,Aetobatus,narinari,04601_Animalia_Chordata_Elasmobranchii_Myliobatiformes_Aetobatidae_Aetobatus_narinari
10,3083,4601,500,375,train/04601_Animalia_Chordata_Elasmobranchii_Myliobatiformes_Aetobatidae_Aetobatus_narinari/904394d5-16d3-49b8-8201-3b40f60e3844.jpg,4601,Aetobatus narinari,Spotted Eagle Ray,Animalia,Animalia,Chordata,Elasmobranchii,4,Aetobatidae,Aetobatus,narinari,04601_Animalia_Chordata_Elasmobranchii_Myliobatiformes_Aetobatidae_Aetobatus_narinari
4,2831,4609,500,316,train/04609_Animalia_Chordata_Elasmobranchii_Orectolobiformes_Ginglymostomatidae_Ginglymostoma_cirratum/dfde81a1-ee57-4694-b1b3-377a21dd7aab.jpg,4609,Ginglymostoma cirratum,Nurse Shark,Animalia,Animalia,Chordata,Elasmobranchii,12,Ginglymostomatidae,Ginglymostoma,cirratum,04609_Animalia_Chordata_Elasmobranchii_Orectolobiformes_Ginglymostomatidae_Ginglymostoma_cirratum
7,2915,4609,500,222,train/04609_Animalia_Chordata_Elasmobranchii_Orectolobiformes_Ginglymostomatidae_Ginglymostoma_cirratum/adf2d49c-bc5e-45be-8a34-c49efb5b7b1a.jpg,4609,Ginglymostoma cirratum,Nurse Shark,Animalia,Animalia,Chordata,Elasmobranchii,12,Ginglymostomatidae,Ginglymostoma,cirratum,04609_Animalia_Chordata_Elasmobranchii_Orectolobiformes_Ginglymostomatidae_Ginglymostoma_cirratum
14,5496,4609,500,375,train/04609_Animalia_Chordata_Elasmobranchii_Orectolobiformes_Ginglymostomatidae_Ginglymostoma_cirratum/2e40da43-f066-4aad-8150-36c4d438568d.jpg,4609,Ginglymostoma cirratum,Nurse Shark,Animalia,Animalia,Chordata,Elasmobranchii,12,Ginglymostomatidae,Ginglymostoma,cirratum,04609_Animalia_Chordata_Elasmobranchii_Orectolobiformes_Ginglymostomatidae_Ginglymostoma_cirratum
5,2833,4603,500,459,train/04603_Animalia_Chordata_Elasmobranchii_Myliobatiformes_Dasyatidae_Hypanus_americanus/f5fdbaaa-b1c3-4d9c-9cda-4fab02d5b5c7.jpg,4603,Hypanus americanus,Southern Stingray,Animalia,Animalia,Chordata,Elasmobranchii,6,Dasyatidae,Hypanus,americanus,04603_Animalia_Chordata_Elasmobranchii_Myliobatiformes_Dasyatidae_Hypanus_americanus
6,2846,4603,500,455,train/04603_Animalia_Chordata_Elasmobranchii_Myliobatiformes_Dasyatidae_Hypanus_americanus/7a8a0f24-b649-4b6f-86db-0cac364b7a0f.jpg,4603,Hypanus americanus,Southern Stingray,Animalia,Animalia,Chordata,Elasmobranchii,6,Dasyatidae,Hypanus,americanus,04603_Animalia_Chordata_Elasmobranchii_Myliobatiformes_Dasyatidae_Hypanus_americanus
8,2916,4603,500,310,train/04603_Animalia_Chordata_Elasmobranchii_Myliobatiformes_Dasyatidae_Hypanus_americanus/34aedf48-6b0b-4bf2-874d-ca66d89337f3.jpg,4603,Hypanus americanus,Southern Stingray,Animalia,Animalia,Chordata,Elasmobranchii,6,Dasyatidae,Hypanus,americanus,04603_Animalia_Chordata_Elasmobranchii_Myliobatiformes_Dasyatidae_Hypanus_americanus
11,3388,4604,400,500,train/04604_Animalia_Chordata_Elasmobranchii_Myliobatiformes_Dasyatidae_Taeniura_lymma/d60a059f-a104-4e1f-ad97-08395e8cc964.jpg,4604,Taeniura lymma,Bluespotted Ribbontail Ray,Animalia,Animalia,Chordata,Elasmobranchii,7,Dasyatidae,Taeniura,lymma,04604_Animalia_Chordata_Elasmobranchii_Myliobatiformes_Dasyatidae_Taeniura_lymma
19,12120,4604,500,333,train/04604_Animalia_Chordata_Elasmobranchii_Myliobatiformes_Dasyatidae_Taeniura_lymma/624c501d-4743-4936-9c73-3dd6df43bf6d.jpg,4604,Taeniura lymma,Bluespotted Ribbontail Ray,Animalia,Animalia,Chordata,Elasmobranchii,7,Dasyatidae,Taeniura,lymma,04604_Animalia_Chordata_Elasmobranchii_Myliobatiformes_Dasyatidae_Taeniura_lymma
64,44218,4604,500,367,train/04604_Animalia_Chordata_Elasmobranchii_Myliobatiformes_Dasyatidae_Taeniura_lymma/a0e5f159-2724-4dd2-a93c-6dc3bb1007ac.jpg,4604,Taeniura lymma,Bluespotted Ribbontail Ray,Animalia,Animalia,Chordata,Elasmobranchii,7,Dasyatidae,Taeniura,lymma,04604_Animalia_Chordata_Elasmobranchii_Myliobatiformes_Dasyatidae_Taeniura_lymma
12,4294,4608,500,375,train/04608_Animalia_Chordata_Elasmobranchii_Myliobatiformes_Urotrygonidae_Urobatis_halleri/7f539f0f-f8e7-46eb-9ae7-f74b5e7cbf03.jpg,4608,Urobatis halleri,Haller's Round Ray,Animalia,Animalia,Chordata,Elasmobranchii,11,Urotrygonidae,Urobatis,halleri,04608_Animalia_Chordata_Elasmobranchii_Myliobatiformes_Urotrygonidae_Urobatis_halleri
20,15275,4608,500,333,train/04608_Animalia_Chordata_Elasmobranchii_Myliobatiformes_Urotrygonidae_Urobatis_halleri/39e54010-69ed-4263-bd14-7feb9a031ea4.jpg,4608,Urobatis halleri,Haller's Round Ray,Animalia,Animalia,Chordata,Elasmobranchii,11,Urotrygonidae,Urobatis,halleri,04608_Animalia_Chordata_Elasmobranchii_Myliobatiformes_Urotrygonidae_Urobatis_halleri
21,15276,4608,500,333,train/04608_Animalia_Chordata_Elasmobranchii_Myliobatiformes_Urotrygonidae_Urobatis_halleri/9ad826b6-389b-4035-b2c9-482ee1f31800.jpg,4608,Urobatis halleri,Haller's Round Ray,Animalia,Animalia,Chordata,Elasmobranchii,11,Urotrygonidae,Urobatis,halleri,04608_Animalia_Chordata_Elasmobranchii_Myliobatiformes_Urotrygonidae_Urobatis_halleri
13,4570,4605,500,375,train/04605_Animalia_Chordata_Elasmobranchii_Myliobatiformes_Myliobatidae_Myliobatis_californica/a55b0920-f7c7-4ca3-85ce-ab8237864c62.jpg,4605,Myliobatis californica,Bat Ray,Animalia,Animalia,Chordata,Elasmobranchii,8,Myliobatidae,Myliobatis,californica,04605_Animalia_Chordata_Elasmobranchii_Myliobatiformes_Myliobatidae_Myliobatis_californica
22,15895,4605,500,306,train/04605_Animalia_Chordata_Elasmobranchii_Myliobatiformes_Myliobatidae_Myliobatis_californica/49013183-5b6a-48e0-bc35-3a2991b82d17.jpg,4605,Myliobatis californica,Bat Ray,Animalia,Animalia,Chordata,Elasmobranchii,8,Myliobatidae,Myliobatis,californica,04605_Animalia_Chordata_Elasmobranchii_Myliobatiformes_Myliobatidae_Myliobatis_californica
35,19805,4605,500,240,train/04605_Animalia_Chordata_Elasmobranchii_Myliobatiformes_Myliobatidae_Myliobatis_californica/34bf72ef-7195-4c2d-9a90-cd494125101d.jpg,4605,Myliobatis californica,Bat Ray,Animalia,Animalia,Chordata,Elasmobranchii,8,Myliobatidae,Myliobatis,californica,04605_Animalia_Chordata_Elasmobranchii_Myliobatiformes_Myliobatidae_Myliobatis_californica
17,6186,4602,500,250,train/04602_Animalia_Chordata_Elasmobranchii_Myliobatiformes_Dasyatidae_Bathytoshia_brevicaudata/803606d5-e093-4677-9b6e-38ad7b90b95b.jpg,4602,Bathytoshia brevicaudata,Smooth Stingray,Animalia,Animalia,Chordata,Elasmobranchii,5,Dasyatidae,Bathytoshia,brevicaudata,04602_Animalia_Chordata_Elasmobranchii_Myliobatiformes_Dasyatidae_Bathytoshia_brevicaudata
87,65793,4602,500,331,train/04602_Animalia_Chordata_Elasmobranchii_Myliobatiformes_Dasyatidae_Bathytoshia_brevicaudata/59bc6175-0809-46ea-bb60-aa83cdfb3c36.jpg,4602,Bathytoshia brevicaudata,Smooth Stingray,Animalia,Animalia,Chordata,Elasmobranchii,5,Dasyatidae,Bathytoshia,brevicaudata,04602_Animalia_Chordata_Elasmobranchii_Myliobatiformes_Dasyatidae_Bathytoshia_brevicaudata
105,83441,4602,500,274,train/04602_Animalia_Chordata_Elasmobranchii_Myliobatiformes_Dasyatidae_Bathytoshia_brevicaudata/1959c0c9-436e-4068-80b0-a4ac06e89f85.jpg,4602,Bathytoshia brevicaudata,Smooth Stingray,Animalia,Animalia,Chordata,Elasmobranchii,5,Dasyatidae,Bathytoshia,brevicaudata,04602_Animalia_Chordata_Elasmobranchii_Myliobatiformes_Dasyatidae_Bathytoshia_brevicaudata
28,17200,4598,351,317,train/04598_Animalia_Chordata_Elasmobranchii_Carcharhiniformes_Triakidae_Triakis_semifasciata/01782d3f-7423-496d-872a-d79b51b82500.jpg,4598,Triakis semifasciata,Leopard Shark,Animalia,Animalia,Chordata,Elasmobranchii,1,Triakidae,Triakis,semifasciata,04598_Animalia_Chordata_Elasmobranchii_Carcharhiniformes_Triakidae_Triakis_semifasciata
34,19595,4598,500,281,train/04598_Animalia_Chordata_Elasmobranchii_Carcharhiniformes_Triakidae_Triakis_semifasciata/c6b922b8-e8ea-4855-a50b-2d4a2ce42902.jpg,4598,Triakis semifasciata,Leopard Shark,Animalia,Animalia,Chordata,Elasmobranchii,1,Triakidae,Triakis,semifasciata,04598_Animalia_Chordata_Elasmobranchii_Carcharhiniformes_Triakidae_Triakis_semifasciata
39,22144,4598,500,311,train/04598_Animalia_Chordata_Elasmobranchii_Carcharhiniformes_Triakidae_Triakis_semifasciata/c30ebc54-e7f3-4e2d-ad6d-89bdc5d3f189.jpg,4598,Triakis semifasciata,Leopard Shark,Animalia,Animalia,Chordata,Elasmobranchii,1,Triakidae,Triakis,semifasciata,04598_Animalia_Chordata_Elasmobranchii_Carcharhiniformes_Triakidae_Triakis_semifasciata
52,30662,4606,500,278,train/04606_Animalia_Chordata_Elasmobranchii_Myliobatiformes_Myliobatidae_Myliobatis_tenuicaudatus/3b063fc9-49ee-4012-a3ec-640e0be154de.jpg,4606,Myliobatis tenuicaudatus,New Zealand Eagle Ray,Animalia,Animalia,Chordata,Elasmobranchii,9,Myliobatidae,Myliobatis,tenuicaudatus,04606_Animalia_Chordata_Elasmobranchii_Myliobatiformes_Myliobatidae_Myliobatis_tenuicaudatus
56,33541,4606,500,318,train/04606_Animalia_Chordata_Elasmobranchii_Myliobatiformes_Myliobatidae_Myliobatis_tenuicaudatus/f6fb436c-6b37-41b7-81e6-dcdd1912c2cd.jpg,4606,Myliobatis tenuicaudatus,New Zealand Eagle Ray,Animalia,Animalia,Chordata,Elasmobranchii,9,Myliobatidae,Myliobatis,tenuicaudatus,04606_Animalia_Chordata_Elasmobranchii_Myliobatiformes_Myliobatidae_Myliobatis_tenuicaudatus
85,62910,4606,500,375,train/04606_Animalia_Chordata_Elasmobranchii_Myliobatiformes_Myliobatidae_Myliobatis_tenuicaudatus/cbf70812-f999-447a-a9a4-406d96013562.jpg,4606,Myliobatis tenuicaudatus,New Zealand Eagle Ray,Animalia,Animalia,Chordata,Elasmobranchii,9,Myliobatidae,Myliobatis,tenuicaudatus,04606_Animalia_Chordata_Elasmobranchii_Myliobatiformes_Myliobatidae_Myliobatis_tenuicaudatus
58,37769,4600,500,375,train/04600_Animalia_Chordata_Elasmobranchii_Lamniformes_Odontaspididae_Carcharias_taurus/2020638c-f8de-45ba-87da-9fcabd0e82bc.jpg,4600,Carcharias taurus,Grey Nurse Shark,Animalia,Animalia,Chordata,Elasmobranchii,3,Odontaspididae,Carcharias,taurus,04600_Animalia_Chordata_Elasmobranchii_Lamniformes_Odontaspididae_Carcharias_taurus
272,282640,4600,500,308,train/04600_Animalia_Chordata_Elasmobranchii_Lamniformes_Odontaspididae_Carcharias_taurus/0a7746b3-6954-445c-ad2d-e4a335b19fcb.jpg,4600,Carcharias taurus,Grey Nurse Shark,Animalia,Animalia,Chordata,Elasmobranchii,3,Odontaspididae,Carcharias,taurus,04600_Animalia_Chordata_Elasmobranchii_Lamniformes_Odontaspididae_Carcharias_taurus
277,282684,4600,500,321,train/04600_Animalia_Chordata_Elasmobranchii_Lamniformes_Odontaspididae_Carcharias_taurus/d3c41511-0f94-4e0e-91b8-b92fe4ea0ee5.jpg,4600,Carcharias taurus,Grey Nurse Shark,Animalia,Animalia,Chordata,Elasmobranchii,3,Odontaspididae,Carcharias,taurus,04600_Animalia_Chordata_Elasmobranchii_Lamniformes_Odontaspididae_Carcharias_taurus
73,52235,4611,500,333,train/04611_Animalia_Chordata_Elasmobranchii_Orectolobiformes_Orectolobidae_Orectolobus_maculatus/01d08c7c-d92d-45fe-a4ae-33f69ce122c8.jpg,4611,Orectolobus maculatus,Spotted Wobbegong,Animalia,Animalia,Chordata,Elasmobranchii,14,Orectolobidae,Orectolobus,maculatus,04611_Animalia_Chordata_Elasmobranchii_Orectolobiformes_Orectolobidae_Orectolobus_maculatus
276,282665,4611,500,294,train/04611_Animalia_Chordata_Elasmobranchii_Orectolobiformes_Orectolobidae_Orectolobus_maculatus/2bf9c234-7d81-497f-a511-2f29bb4cb231.jpg,4611,Orectolobus maculatus,Spotted Wobbegong,Animalia,Animalia,Chordata,Elasmobranchii,14,Orectolobidae,Orectolobus,maculatus,04611_Animalia_Chordata_Elasmobranchii_Orectolobiformes_Orectolobidae_Orectolobus_maculatus
292,287625,4611,500,375,train/04611_Animalia_Chordata_Elasmobranchii_Orectolobiformes_Orectolobidae_Orectolobus_maculatus/d006ce04-e89a-499f-a65d-28352d8b2034.jpg,4611,Orectolobus maculatus,Spotted Wobbegong,Animalia,Animalia,Chordata,Elasmobranchii,14,Orectolobidae,Orectolobus,maculatus,04611_Animalia_Chordata_Elasmobranchii_Orectolobiformes_Orectolobidae_Orectolobus_maculatus
90,70240,4599,500,372,train/04599_Animalia_Chordata_Elasmobranchii_Heterodontiformes_Heterodontidae_Heterodontus_portusjacksoni/d19a28dc-371d-4ceb-b44e-2f8c4a7ea2bb.jpg,4599,Heterodontus portusjacksoni,Port Jackson Shark,Animalia,Animalia,Chordata,Elasmobranchii,2,Heterodontidae,Heterodontus,portusjacksoni,04599_Animalia_Chordata_Elasmobranchii_Heterodontiformes_Heterodontidae_Heterodontus_portusjacksoni
162,139318,4599,375,500,train/04599_Animalia_Chordata_Elasmobranchii_Heterodontiformes_Heterodontidae_Heterodontus_portusjacksoni/c7c88cef-cdcc-43aa-92ae-7255c668264b.jpg,4599,Heterodontus portusjacksoni,Port Jackson Shark,Animalia,Animalia,Chordata,Elasmobranchii,2,Heterodontidae,Heterodontus,portusjacksoni,04599_Animalia_Chordata_Elasmobranchii_Heterodontiformes_Heterodontidae_Heterodontus_portusjacksoni
271,282624,4599,500,307,train/04599_Animalia_Chordata_Elasmobranchii_Heterodontiformes_Heterodontidae_Heterodontus_portusjacksoni/f33190b6-ef31-4bdd-a7ba-be65643c8cf2.jpg,4599,Heterodontus portusjacksoni,Port Jackson Shark,Animalia,Animalia,Chordata,Elasmobranchii,2,Heterodontidae,Heterodontus,portusjacksoni,04599_Animalia_Chordata_Elasmobranchii_Heterodontiformes_Heterodontidae_Heterodontus_portusjacksoni
267,281255,4610,500,403,train/04610_Animalia_Chordata_Elasmobranchii_Orectolobiformes_Orectolobidae_Orectolobus_halei/94759f52-2293-4af3-b578-d1c50e24a50a.jpg,4610,Orectolobus halei,Banded Wobbegong,Animalia,Animalia,Chordata,Elasmobranchii,13,Orectolobidae,Orectolobus,halei,04610_Animalia_Chordata_Elasmobranchii_Orectolobiformes_Orectolobidae_Orectolobus_halei
285,283661,4610,500,375,train/04610_Animalia_Chordata_Elasmobranchii_Orectolobiformes_Orectolobidae_Orectolobus_halei/8421762d-4913-4660-9ab8-3d4e72a00ab4.jpg,4610,Orectolobus halei,Banded Wobbegong,Animalia,Animalia,Chordata,Elasmobranchii,13,Orectolobidae,Orectolobus,halei,04610_Animalia_Chordata_Elasmobranchii_Orectolobiformes_Orectolobidae_Orectolobus_halei
286,286126,4610,360,500,train/04610_Animalia_Chordata_Elasmobranchii_Orectolobiformes_Orectolobidae_Orectolobus_halei/9e0e97a0-cd33-4bd8-ba9d-6cd98a5b262b.jpg,4610,Orectolobus halei,Banded Wobbegong,Animalia,Animalia,Chordata,Elasmobranchii,13,Orectolobidae,Orectolobus,halei,04610_Animalia_Chordata_Elasmobranchii_Orectolobiformes_Orectolobidae_Orectolobus_halei
270,282585,4612,500,375,train/04612_Animalia_Chordata_Elasmobranchii_Rhinopristiformes_Trygonorrhinidae_Trygonorrhina_fasciata/bb1c0fab-26ff-4a38-9ab5-acea7da0c115.jpg,4612,Trygonorrhina fasciata,Banjo Shark,Animalia,Animalia,Chordata,Elasmobranchii,15,Trygonorrhinidae,Trygonorrhina,fasciata,04612_Animalia_Chordata_Elasmobranchii_Rhinopristiformes_Trygonorrhinidae_Trygonorrhina_fasciata
279,282693,4612,500,246,train/04612_Animalia_Chordata_Elasmobranchii_Rhinopristiformes_Trygonorrhinidae_Trygonorrhina_fasciata/35f62983-320f-4a8e-ae6c-a87e4a6abc9c.jpg,4612,Trygonorrhina fasciata,Banjo Shark,Animalia,Animalia,Chordata,Elasmobranchii,15,Trygonorrhinidae,Trygonorrhina,fasciata,04612_Animalia_Chordata_Elasmobranchii_Rhinopristiformes_Trygonorrhinidae_Trygonorrhina_fasciata
290,287540,4612,500,333,train/04612_Animalia_Chordata_Elasmobranchii_Rhinopristiformes_Trygonorrhinidae_Trygonorrhina_fasciata/32fb8f5b-6482-4495-9db9-d7a2840e6b32.jpg,4612,Trygonorrhina fasciata,Banjo Shark,Animalia,Animalia,Chordata,Elasmobranchii,15,Trygonorrhinidae,Trygonorrhina,fasciata,04612_Animalia_Chordata_Elasmobranchii_Rhinopristiformes_Trygonorrhinidae_Trygonorrhina_fasciata
278,282692,4607,500,333,train/04607_Animalia_Chordata_Elasmobranchii_Myliobatiformes_Urolophidae_Trygonoptera_testacea/e706107c-ab97-4b25-a6e5-fce3c34b208f.jpg,4607,Trygonoptera testacea,Common Stingaree,Animalia,Animalia,Chordata,Elasmobranchii,10,Urolophidae,Trygonoptera,testacea,04607_Animalia_Chordata_Elasmobranchii_Myliobatiformes_Urolophidae_Trygonoptera_testacea
295,287703,4607,500,375,train/04607_Animalia_Chordata_Elasmobranchii_Myliobatiformes_Urolophidae_Trygonoptera_testacea/193e2645-8712-4edf-947c-f86b7d708f0d.jpg,4607,Trygonoptera testacea,Common Stingaree,Animalia,Animalia,Chordata,Elasmobranchii,10,Urolophidae,Trygonoptera,testacea,04607_Animalia_Chordata_Elasmobranchii_Myliobatiformes_Urolophidae_Trygonoptera_testacea
313,297006,4607,500,333,train/04607_Animalia_Chordata_Elasmobranchii_Myliobatiformes_Urolophidae_Trygonoptera_testacea/6e6d681c-136f-42eb-bec3-e25206f00ad7.jpg,4607,Trygonoptera testacea,Common Stingaree,Animalia,Animalia,Chordata,Elasmobranchii,10,Urolophidae,Trygonoptera,testacea,04607_Animalia_Chordata_Elasmobranchii_Myliobatiformes_Urolophidae_Trygonoptera_testacea
